{
  "timestamp": "2026-03-31T11:06:09.685373+00:00",
  "val_tokens_evaluated": 62021632,
  "vocab_size": 1024,
  "checkpoint": "/home/kingsley/projects/golf-research/experiments/sweep-depth-width/3-mlpmult4-layers15//artifacts/checkpoint",
  "val_loss": 6.995379398118204,
  "val_bpb": 4.143057710247211,
  "eval_time_seconds": 205.21
}