{
  "timestamp": "2026-03-23T19:54:21.360424+00:00",
  "checkpoint": "artifacts/checkpoint",
  "val_data": "/workspace/parameter-golf/data/datasets/fineweb10B_sp1024/fineweb_val_*.bin",
  "tokenizer": "/workspace/parameter-golf/data/tokenizers/fineweb_1024_bpe.model",
  "sequence_length": 1024,
  "batch_size": 64,
  "world_size": 8,
  "device": "cuda:0",
  "val_tokens_evaluated": 62021633,
  "val_tokens_available": 62021633,
  "val_sequences_available": 60568,
  "vocab_size": 1024,
  "val_loss": 2.162418985599855,
  "val_bpb": 1.2807063264480636,
  "eval_time_seconds": 7.35,
  "reference_baseline_bpb": 1.2244,
  "quant": {
    "int6": {
      "scheme": "int6",
      "compressed_bytes": 12353867,
      "val_bpb": 1.3655331448735368,
      "val_loss": 2.305645515260254,
      "val_tokens_evaluated": 62021632,
      "eval_time_seconds": 1288.36
    },
    "int8": {
      "scheme": "int8",
      "compressed_bytes": 12164296,
      "val_bpb": 1.362771842626721,
      "val_loss": 2.300983172082756,
      "val_tokens_evaluated": 62021632,
      "eval_time_seconds": 1278.37
    },
    "mxfp4": {
      "scheme": "mxfp4",
      "compressed_bytes": 8568037,
      "val_bpb": 2.02410189488872,
      "val_loss": 3.417611263337121,
      "val_tokens_evaluated": 62021632,
      "eval_time_seconds": 338.52
    },
    "nvfp4": {
      "scheme": "nvfp4",
      "compressed_bytes": 8694041,
      "val_bpb": 2.3665216488710636,
      "val_loss": 3.9957726745557602,
      "val_tokens_evaluated": 62021632,
      "eval_time_seconds": 340.55
    }
  }
}