{
  "timestamp": "2026-03-28T21:26:44.210211+00:00",
  "val_tokens_evaluated": 62021633,
  "vocab_size": 1024,
  "checkpoint": "artifacts/checkpoint",
  "val_loss": 2.7284122949042704,
  "val_bpb": 1.6159194450807421,
  "eval_time_seconds": 195.33,
  "quant": {
    "int8": {
      "scheme": "int8",
      "compressed_bytes": 25381004,
      "val_bpb": 1.6167382551199392,
      "val_loss": 2.729794821356896,
      "val_tokens_evaluated": 62021632,
      "eval_time_seconds": 185.19
    },
    "turboquip4c": {
      "scheme": "turboquip4c",
      "compressed_bytes": 9138951,
      "val_bpb": 1.694581354162215,
      "val_loss": 2.8612296333748826,
      "val_tokens_evaluated": 62021632,
      "eval_time_seconds": 185.43
    },
    "turboquip4cr": {
      "scheme": "turboquip4cr",
      "compressed_bytes": 14576432,
      "val_bpb": 1.6860396661142332,
      "val_loss": 2.8468073509026355,
      "val_tokens_evaluated": 62021632,
      "eval_time_seconds": 185.78
    }
  }
}