{
  "timestamp": "2026-03-24T15:33:59.935534+00:00",
  "val_tokens_evaluated": 62021633,
  "vocab_size": 1024,
  "checkpoint": "artifacts/checkpoint",
  "val_loss": 2.148057272563033,
  "val_bpb": 1.2722005110314518,
  "eval_time_seconds": 7.43,
  "quant": {
    "int6": {
      "scheme": "int6",
      "compressed_bytes": 11511872,
      "val_bpb": 1.3824510120828883,
      "val_loss": 2.3342106253825885,
      "val_tokens_evaluated": 62021632,
      "eval_time_seconds": 1325.21
    },
    "int8": {
      "scheme": "int8",
      "compressed_bytes": 15727239,
      "val_bpb": 1.2794345345388196,
      "val_loss": 2.1602716182342943,
      "val_tokens_evaluated": 62021632,
      "eval_time_seconds": 1325.82
    },
    "mxfp4": {
      "scheme": "mxfp4",
      "compressed_bytes": 8655477,
      "val_bpb": 2.3571181001646595,
      "val_loss": 3.9798951764636428,
      "val_tokens_evaluated": 62021632,
      "eval_time_seconds": 1326.29
    },
    "nvfp4": {
      "scheme": "nvfp4",
      "compressed_bytes": 9155196,
      "val_bpb": 1.9462463083226273,
      "val_loss": 3.2861553666582513,
      "val_tokens_evaluated": 62021632,
      "eval_time_seconds": 1324.22
    }
  }
}