{
  "timestamp": "2026-03-23T14:42:24.844596+00:00",
  "val_tokens_evaluated": 62021632,
  "vocab_size": 1024,
  "checkpoint": "artifacts/checkpoint",
  "val_loss": 2.148057272563033,
  "val_bpb": 1.2722005110314518,
  "eval_time_seconds": 7.43,
  "quant": {
    "int6": {
      "scheme": "int6",
      "compressed_bytes": 12798019,
      "val_bpb": 1.3824511269529256,
      "val_loss": 2.334210819335835,
      "val_tokens_evaluated": 62021632,
      "eval_time_seconds": 6.92
    },
    "int8": {
      "scheme": "int8",
      "compressed_bytes": 12277868,
      "val_bpb": 1.3812055871089244,
      "val_loss": 2.3321077774827823,
      "val_tokens_evaluated": 62021632,
      "eval_time_seconds": 6.91
    },
    "mxfp4": {
      "scheme": "mxfp4",
      "compressed_bytes": 8829462,
      "val_bpb": 2.740045532781343,
      "val_loss": 4.626452106258668,
      "val_tokens_evaluated": 62021632,
      "eval_time_seconds": 6.91
    },
    "nvfp4": {
      "scheme": "nvfp4",
      "compressed_bytes": 8968927,
      "val_bpb": 3.0433568702317455,
      "val_loss": 5.138580594348114,
      "val_tokens_evaluated": 62021632,
      "eval_time_seconds": 6.92
    }
  }
}