{
  "timestamp": "2026-03-24T23:00:43.975040+00:00",
  "checkpoint": "artifacts/checkpoint",
  "val_data": "/workspace/parameter-golf/data/datasets/fineweb10B_sp1024/fineweb_val_*.bin",
  "tokenizer": "/workspace/parameter-golf/data/tokenizers/fineweb_1024_bpe.model",
  "sequence_length": 1024,
  "batch_size": 64,
  "device": "cuda",
  "val_tokens": 62021633,
  "val_sequences": 60568,
  "vocab_size": 1024,
  "val_loss": 2.6324008811403496,
  "val_bpb": 1.559056077788133,
  "eval_time_seconds": 203.11,
  "reference_baseline_bpb": 1.2244,
  "val_tokens_evaluated": 62021633,
  "quant": {
    "int6": {
      "scheme": "int6",
      "compressed_bytes": 8235941,
      "val_bpb": 1.5755806914064117,
      "val_loss": 2.660301999046881,
      "val_tokens_evaluated": 62021632,
      "eval_time_seconds": 1326.35
    },
    "int8": {
      "scheme": "int8",
      "compressed_bytes": 12354800,
      "val_bpb": 1.5595617484125497,
      "val_loss": 2.6332546848079956,
      "val_tokens_evaluated": 62021632,
      "eval_time_seconds": 1336.4
    },
    "mxfp4": {
      "scheme": "mxfp4",
      "compressed_bytes": 8563825,
      "val_bpb": 1.6192333243549393,
      "val_loss": 2.734007641245991,
      "val_tokens_evaluated": 62021632,
      "eval_time_seconds": 1335.4
    },
    "nvfp4": {
      "scheme": "nvfp4",
      "compressed_bytes": 9174098,
      "val_bpb": 1.6033231878495393,
      "val_loss": 2.7071440422051554,
      "val_tokens_evaluated": 62021632,
      "eval_time_seconds": 1335.35
    }
  }
}