{
  "timestamp": "2026-03-24T20:01:45.790760+00:00",
  "checkpoint": "artifacts/checkpoint",
  "val_data": "/workspace/parameter-golf/data/datasets/fineweb10B_sp1024/fineweb_val_*.bin",
  "tokenizer": "/workspace/parameter-golf/data/tokenizers/fineweb_1024_bpe.model",
  "sequence_length": 1024,
  "batch_size": 64,
  "world_size": 8,
  "device": "cuda:0",
  "val_tokens_evaluated": 62021633,
  "val_tokens_available": 62021633,
  "val_sequences_available": 60568,
  "vocab_size": 1024,
  "val_loss": 2.1406226851574544,
  "val_bpb": 1.2677973295997949,
  "eval_time_seconds": 6.6,
  "reference_baseline_bpb": 1.2244,
  "quant": {
    "int6": {
      "scheme": "int6",
      "compressed_bytes": 11245390,
      "val_bpb": 1.2992351121685737,
      "val_loss": 2.1937040641496464,
      "val_tokens_evaluated": 62021632,
      "eval_time_seconds": 1326.7
    },
    "int8": {
      "scheme": "int8",
      "compressed_bytes": 15592318,
      "val_bpb": 1.2694635647762076,
      "val_loss": 2.1434360534570724,
      "val_tokens_evaluated": 62021632,
      "eval_time_seconds": 1323.66
    },
    "mxfp4": {
      "scheme": "mxfp4",
      "compressed_bytes": 8636588,
      "val_bpb": 1.5428606325336123,
      "val_loss": 2.6050555502277213,
      "val_tokens_evaluated": 62021632,
      "eval_time_seconds": 1325.56
    },
    "nvfp4": {
      "scheme": "nvfp4",
      "compressed_bytes": 9157067,
      "val_bpb": 1.430749379480151,
      "val_loss": 2.415760395596481,
      "val_tokens_evaluated": 62021632,
      "eval_time_seconds": 1324.07
    }
  }
}