{
  "timestamp": "2026-03-23T18:44:08.585240+00:00",
  "checkpoint": "artifacts/checkpoint",
  "val_data": "/workspace/parameter-golf/data/datasets/fineweb10B_sp1024/fineweb_val_*.bin",
  "tokenizer": "/workspace/parameter-golf/data/tokenizers/fineweb_1024_bpe.model",
  "sequence_length": 1024,
  "batch_size": 64,
  "world_size": 8,
  "device": "cuda:0",
  "val_tokens_evaluated": 62021633,
  "val_tokens_available": 62021633,
  "val_sequences_available": 60568,
  "vocab_size": 1024,
  "val_loss": 2.23389558501767,
  "val_bpb": 1.3230387947055953,
  "eval_time_seconds": 26.03,
  "reference_baseline_bpb": 1.2244,
  "quant": {
    "int6": {
      "scheme": "int6",
      "compressed_bytes": 12239856,
      "val_bpb": 1.3565414502927693,
      "val_loss": 2.2904634156074066,
      "val_tokens_evaluated": 62021632,
      "eval_time_seconds": 334.65
    },
    "int8": {
      "scheme": "int8",
      "compressed_bytes": 11877018,
      "val_bpb": 1.35715880741887,
      "val_loss": 2.2915057972547888,
      "val_tokens_evaluated": 62021632,
      "eval_time_seconds": 335.05
    },
    "mxfp4": {
      "scheme": "mxfp4",
      "compressed_bytes": 8449228,
      "val_bpb": 1.5623156913861125,
      "val_loss": 2.637904602160874,
      "val_tokens_evaluated": 62021632,
      "eval_time_seconds": 335.39
    },
    "nvfp4": {
      "scheme": "nvfp4",
      "compressed_bytes": 8706819,
      "val_bpb": 1.6329124492496854,
      "val_loss": 2.7571042706355158,
      "val_tokens_evaluated": 62021632,
      "eval_time_seconds": 1288.44
    }
  }
}