{
  "timestamp": "2026-03-28T21:22:50.665544+00:00",
  "val_tokens_evaluated": 62021633,
  "vocab_size": 1024,
  "checkpoint": "artifacts/checkpoint",
  "val_loss": 2.8273517678930555,
  "val_bpb": 1.6745169739759227,
  "eval_time_seconds": 236.03,
  "quant": {
    "int8": {
      "scheme": "int8",
      "compressed_bytes": 26837003,
      "val_bpb": 1.675032464207389,
      "val_loss": 2.828222151555878,
      "val_tokens_evaluated": 62021632,
      "eval_time_seconds": 222.95
    },
    "turboquip4c": {
      "scheme": "turboquip4c",
      "compressed_bytes": 8775564,
      "val_bpb": 1.813934881166962,
      "val_loss": 3.0627530642063423,
      "val_tokens_evaluated": 62021632,
      "eval_time_seconds": 220.02
    },
    "turboquip4cr": {
      "scheme": "turboquip4cr",
      "compressed_bytes": 14133439,
      "val_bpb": 1.7962020663791252,
      "val_loss": 3.0328119492345027,
      "val_tokens_evaluated": 62021632,
      "eval_time_seconds": 223.06
    }
  }
}