{
  "timestamp": "2026-03-23T16:24:14.733712+00:00",
  "checkpoint": "artifacts/checkpoint",
  "val_data": "/workspace/parameter-golf/data/datasets/fineweb10B_sp1024/fineweb_val_*.bin",
  "tokenizer": "/workspace/parameter-golf/data/tokenizers/fineweb_1024_bpe.model",
  "sequence_length": 1024,
  "batch_size": 64,
  "world_size": 2,
  "device": "cuda:0",
  "val_tokens_evaluated": 62021633,
  "val_tokens_available": 62021633,
  "val_sequences_available": 60568,
  "vocab_size": 1024,
  "val_loss": 2.4411325651215936,
  "val_bpb": 1.4457762074181746,
  "eval_time_seconds": 101.9,
  "reference_baseline_bpb": 1.2244,
  "quant": {
    "int6": {
      "scheme": "int6",
      "compressed_bytes": 11071755,
      "val_bpb": 1.459772660819191,
      "val_loss": 2.464764990401605,
      "val_tokens_evaluated": 62021632,
      "eval_time_seconds": 335.29
    },
    "int8": {
      "scheme": "int8",
      "compressed_bytes": 9577429,
      "val_bpb": 1.4606679345025666,
      "val_loss": 2.4662766225144943,
      "val_tokens_evaluated": 62021632,
      "eval_time_seconds": 334.75
    },
    "mxfp4": {
      "scheme": "mxfp4",
      "compressed_bytes": 8341477,
      "val_bpb": 1.535096150272122,
      "val_loss": 2.591945547170139,
      "val_tokens_evaluated": 62021632,
      "eval_time_seconds": 334.8
    },
    "nvfp4": {
      "scheme": "nvfp4",
      "compressed_bytes": 8575048,
      "val_bpb": 1.5503462659981864,
      "val_loss": 2.617694728772213,
      "val_tokens_evaluated": 62021632,
      "eval_time_seconds": 334.82
    }
  }
}