{
  "timestamp": "2026-03-24T21:31:00.576048+00:00",
  "checkpoint": "artifacts/checkpoint",
  "val_data": "/workspace/parameter-golf/data/datasets/fineweb10B_sp1024/fineweb_val_*.bin",
  "tokenizer": "/workspace/parameter-golf/data/tokenizers/fineweb_1024_bpe.model",
  "sequence_length": 1024,
  "batch_size": 64,
  "world_size": 2,
  "device": "cuda:0",
  "val_tokens_evaluated": 62021633,
  "val_tokens_available": 62021633,
  "val_sequences_available": 60568,
  "vocab_size": 1024,
  "val_loss": 2.4411325651215936,
  "val_bpb": 1.4457762074181746,
  "eval_time_seconds": 101.9,
  "reference_baseline_bpb": 1.2244,
  "quant": {
    "int6": {
      "scheme": "int6",
      "compressed_bytes": 9617015,
      "val_bpb": 1.4597711854320865,
      "val_loss": 2.4647624992722803,
      "val_tokens_evaluated": 62021632,
      "eval_time_seconds": 1326.54
    },
    "int8": {
      "scheme": "int8",
      "compressed_bytes": 13719387,
      "val_bpb": 1.4465520558768792,
      "val_loss": 2.4424425527451454,
      "val_tokens_evaluated": 62021632,
      "eval_time_seconds": 1325.32
    },
    "mxfp4": {
      "scheme": "mxfp4",
      "compressed_bytes": 8611173,
      "val_bpb": 1.5158218971568884,
      "val_loss": 2.5594017781507166,
      "val_tokens_evaluated": 62021632,
      "eval_time_seconds": 1326.65
    },
    "nvfp4": {
      "scheme": "nvfp4",
      "compressed_bytes": 9166830,
      "val_bpb": 1.496424436517243,
      "val_loss": 2.5266499783872787,
      "val_tokens_evaluated": 62021632,
      "eval_time_seconds": 1325.39
    }
  }
}